,PRICE_MODEL_ID,PRICE_MODEL_DESCRIPTION
1,54,Kimberly Silva
2,88,Mr. Martin Sexton MD
3,32,Lisa Taylor
4,77,Mrs. Jennifer Green MD
5,30,Ashley Jackson
6,99,Nancy Harrison
7,194,Carlos Roberts
8,185,Bradley Huffman
9,63,Rebecca Campos
10,15,Mary Wolfe
11,62,Amanda Smith
12,220,Teresa Gordon
13,178,Linda Bryant
14,130,Pamela Burke
15,29,Stacy Davis
16,53,Tracey Hale
17,132,Eric Stevenson
18,58,Jessica Soto
19,10,Brittany Mcgrath
20,10,Michael Brandt
21,55,Scott Castro
22,6,Dr. Robert Parker MD
23,156,Tamara Gutierrez
24,105,Justin White
25,29,Scott Smith
26,15,Kenneth Mathews
27,43,Jason Mccann
28,234,Jessica Harrington
29,65,Jesse Perez
30,282,Jessica Sandoval
31,183,Paula Howard
32,5,Cassandra Mclean
33,48,Erin Bowen
34,237,Andre Maldonado
35,32,Michelle Ware
36,169,Jeremy Martin
37,138,Russell Chen
38,42,Willie Brown
39,191,Brittney Rasmussen
40,65,Glenn Fuller
41,110,Phyllis Hall
42,29,Susan Morgan
43,48,Jeffrey Mclaughlin
44,77,Mrs. Tamara Woodward
45,38,Jason Richardson
46,68,Nicholas Ballard
47,16,Shelly Rice
48,15,John Brady
49,47,James Martinez
50,103,Robert Smith
51,99,Fernando Clarke
52,10,Rachel Edwards
53,213,Mark Pollard
54,3,Tammy Smith
55,114,Eric Banks
56,8,Carrie Wang
57,90,Danielle Swanson
58,1,Earl Freeman
59,64,Douglas Robinson
60,22,Veronica Gallagher
61,158,Judy Myers
62,3,Jason Diaz
63,45,Brooke Patton
64,104,Sherry Calderon
65,170,Rebecca Sanders
66,8,Kenneth Goodman
67,164,Andrew Wilson
68,88,Jennifer Berry
69,43,Kimberly Lamb
70,0,Jennifer Gomez
71,18,Karen Hansen
72,94,Christine Lindsey
73,15,David Roberts
74,23,Heather Reed
75,38,Trevor Barry
76,15,Stephanie Gates
77,12,Christopher Randall
78,133,Linda Hendricks
79,129,Melissa Li
80,213,Jordan Chavez
81,76,Sarah Roberts
82,9,Melissa Jenkins
83,146,Taylor Moss
84,53,Jason Wilson
85,113,Michael Miller
86,57,William Adkins
87,91,Charles Turner
88,182,Kenneth Miller
89,180,Laurie Peters
90,41,Richard Randolph
91,6,Karen Booth
92,32,Kristen Miller
93,41,Christopher White
94,12,Benjamin Stephens
95,97,Sarah Atkins
96,13,Susan Green
97,68,Breanna Higgins
98,55,David Murillo
99,57,William Price
100,40,Brandi Gilbert
101,194,Debra Johnson
102,133,Matthew Kelly
103,22,Melanie Wilson DVM
104,122,Marie Bradley
105,122,Heidi Smith
106,13,Jeanette Mendez
107,104,Ryan Shaw
108,162,Ana Howard
109,17,Cheyenne Ellison
110,91,Jeffrey Gonzalez
111,26,Dustin Jones
112,66,Michael Reynolds
113,73,Vicki Owens
114,142,Charles Conner
115,73,Travis Hill
116,120,Samuel Davis
117,65,Chad Wang
118,134,Nancy Williams
119,63,Laura King
120,101,Juan Hammond
121,28,Timothy Wright
122,44,Kimberly Gilbert
123,112,Samantha Palmer
124,69,Eric Jordan
125,62,Whitney Williams
126,85,James Weiss
127,30,Carol Bennett
128,38,Sarah Allen
129,75,Donald Norman
130,6,Jacob Barnes
131,58,Daniel Chavez
132,29,Sarah Daniel
133,42,Andrea Day MD
134,45,Mary Williams
135,37,Maurice Stanton
136,142,Breanna Cruz
137,9,Amanda Townsend
138,64,Michael Ward
139,264,Joyce Daniels
140,6,Lisa Castro
141,31,Dr. Kimberly Barnes
142,70,Amanda Campbell
143,28,Debra Pineda
144,7,Eric Nicholson
145,7,Kelly Smith
146,54,Lisa Madden
147,56,Caroline Harding
148,72,Mr. Stephen Morgan
149,3,Amanda Taylor
150,47,Linda Smith
151,29,Susan Haynes
152,70,Christopher Knight
153,138,Alfred Anderson
154,145,Tina Mora MD
155,47,David Perez
156,151,Christine Kramer
157,177,Tracy Hicks
158,169,Christian Bradford
159,86,Nicole Haney
160,61,Johnny Villanueva
161,229,Joseph Blake
162,38,Amy Davis
163,64,Bruce Clark
164,132,Carolyn Floyd
165,35,James Avery
166,24,Melissa Garcia
167,206,Theresa Johnson
168,22,Jesus Macdonald
169,4,Lori Myers
170,56,Megan Meza
171,1,Leslie Walker
172,28,Molly Turner
173,73,Anthony Hart
174,65,Derek Maynard
175,38,Jeffrey Cruz
176,54,Juan West
177,233,Johnny Sherman
178,18,Wendy Barajas
179,105,Jennifer Contreras
180,114,Ashley Bowers
181,164,Jack Mcgee
182,172,Jessica Flores
183,83,Darin White
184,48,Kelly Butler
185,152,Brian Harper
186,206,Thomas Nash
187,40,April Henry
188,84,Patricia Rivera
189,23,Daniel Fitzgerald
190,176,Richard Adams
191,258,Andrea Espinoza
192,44,Ann Maynard
193,40,Amanda Spears
194,51,Robert Dixon
195,13,Robin Torres
196,141,Dr. Debbie Young DVM
197,100,Kristin Hampton
198,76,Penny Mcdonald
199,50,Steven Summers
200,84,Mark Gray
201,59,Chelsey Rodriguez
202,112,Laura Nunez
203,17,Matthew Collins
204,127,Danielle Hayes
205,66,Eric Jenkins
206,51,Daniel Williams
207,176,Dominique Warner
208,73,Randy Perez
209,6,Timothy Weeks
210,98,Michelle Moore
211,90,Rachel Norris
212,18,Mario Robbins DDS
213,116,Mr. Jeffrey Rodriguez
214,51,Hannah Rubio
215,33,Dr. Amber Edwards
216,10,Amy Hayes
217,119,Misty Mercer
218,153,Andrew Foster
219,92,Heidi Lambert
220,47,Matthew Yang
221,13,Peter Nelson
222,23,William Thomas
223,99,Joseph Miller
224,4,Gregory Robinson
225,44,Laura Perez
226,89,Jacqueline Lane
227,69,Daniel Blair
228,45,Amber Gibson
229,72,Stacey Nelson
230,126,Tiffany Flores
231,135,Steven White
232,15,Parker Arias
233,9,Julia Lucas
234,27,Tara Mcgrath
235,23,Taylor Garcia
236,131,Sharon Osborn
237,209,Jennifer Palmer
238,104,Thomas Elliott
239,73,Rachel Hodge
240,115,Peggy Moore
241,131,Jim Johnson
242,134,Julie Monroe
243,27,Matthew Taylor
244,160,Ashley Jacobson DVM
245,50,Jonathan Hill
246,0,Judy Mitchell
247,16,Cynthia Jackson
248,45,Mark Benton
249,209,Rebecca Cross
250,125,Connor Roberts
251,5,Michael Espinoza
252,53,Elizabeth Mclaughlin
253,68,Charles Bennett
254,218,Adam Howard
255,11,Kim Fisher
256,4,Garrett Donaldson
257,134,John Barker
258,122,Mariah Torres
259,90,John Porter
260,82,Nicole Williams
261,52,Robert Hughes
262,9,David Cherry
263,19,Brett Bell
264,26,Melissa Williams
265,125,Hunter Acosta
266,120,Robert Taylor
267,105,Pamela Villanueva
268,79,Casey Perez
269,72,Kristen Duarte
270,124,David Rodriguez
271,78,Amy Allen
272,58,Kristina Gross
273,16,Christopher Cameron
274,60,Thomas Tucker
275,29,Philip Sullivan
276,88,Brendan Jones
277,58,Sharon Banks
278,19,Jessica Miller
279,33,Cheyenne Norton
280,108,Lisa May
281,22,Hunter Andrews
282,44,Sandra Johnson
283,99,Juan Delacruz
284,10,Ronald Moss
285,133,David Moore
286,65,Bradley Taylor
287,62,Meredith Martin
288,116,Paula Monroe
289,189,Sharon Sanchez
290,1,Robert Caldwell
291,212,Daniel Griffin
292,103,Benjamin Morton
293,17,Brandon Alexander
294,16,Ruben Marquez
295,9,Madison Hamilton
296,13,Ryan Chen
297,91,Betty Lynch
298,13,Emma Faulkner
299,23,Anthony Delacruz
300,75,Sandra Smith
301,89,Joshua Reyes
302,48,Kelly Gonzalez
303,42,Julie Gordon
304,1,Benjamin Young
305,124,Kelly Mendoza
306,115,Alyssa Li
307,111,Katrina Johnson
308,44,Jennifer Chavez
309,60,Ronald Glass
310,24,Grant Walker
311,118,Emily Melton
312,55,Kari Padilla
313,168,Alan Jones
314,76,Mary Harris
315,156,Joseph Dawson
316,87,Angel Morris
317,26,Nicholas David
318,78,Mr. John Ray
319,106,Kristin Williams
320,26,Joseph Gonzalez
321,114,Jeff Gonzalez
322,48,Jessica Nelson
323,15,Paula Miller
324,26,Gregory Davis
325,16,Robert Smith
326,173,Lee Davis
327,12,Barbara Stone
328,47,Bryce Horton
329,71,Heather Hudson
330,25,Jason Shelton
331,116,William Barker
332,147,Kelsey Bradley
333,34,Monica Johnston
334,190,Christopher Fischer
335,102,Jamie Leblanc
336,93,Timothy Montgomery
337,118,Dr. Ryan Johns
338,100,Jared Ortega
339,9,Glen Evans
340,155,Jeffery Rodriguez
341,21,Charles Lucas
342,190,Joshua Perez
343,3,Jessica Williams
344,71,Mitchell Hubbard
345,102,Jeremy Moore
346,125,Pamela Mckee
347,120,Kathy Wilson
348,44,Amanda Ellis
349,137,Shannon Chapman
350,31,Taylor Perry
351,23,Stephanie Miller
352,51,Rebecca Camacho
353,68,Derek Armstrong
354,64,Benjamin Valencia
355,23,Krista Wood
356,24,Ashley Allen
357,105,Kimberly Reid
358,73,Aaron Cortez
359,108,Stacey Martin
360,99,Alejandro Elliott
361,31,Amy Salazar
362,69,William Ross
363,6,Wendy Henry
364,100,James Hansen
365,86,Kathleen Burnett
366,50,Carlos Harris
367,141,Shane Villegas
368,44,Rebecca Lindsey
369,90,Ronald Castro
370,34,George Brown
371,7,Ms. Caroline Scott MD
372,20,Kathy Walker
373,74,Joseph Skinner
374,91,Samuel Bradley
375,37,Brianna Blankenship
376,74,Jordan Reynolds
377,10,Douglas Rogers
378,62,Luke Smith PhD
379,0,Henry Gibson
380,29,Bonnie Whitaker
381,185,Jessica Nelson
382,64,Dustin Hanna
383,99,Gregory Frost
384,14,Melissa Smith
385,128,Kyle Ramos
386,43,Charles Malone
387,107,Jeremy Obrien
388,247,Tara Le
389,147,Matthew Williams
390,58,Scott Brown
391,150,Nicole Harris
392,100,Yvonne Hopkins
393,18,Ms. Haley Watkins
394,135,Aaron Warren
395,21,Anthony Morales
396,57,Jamie Gaines
397,22,Robert Reed
398,172,Summer Carney
399,90,Andrew Miller
400,82,Jamie Kent
401,130,Joyce Sanchez
402,134,Jesse Vargas
403,17,Julie Gaines
404,107,Pamela Sanders
405,82,Mandy Jordan
406,117,Anthony Gray
407,18,Monica Gonzalez
408,180,Dennis Goodman
409,69,William Hobbs
410,125,Brian Pope
411,114,Dr. Sean Solomon PhD
412,230,Mary Brown
413,288,Megan White
414,11,Mark Allen
415,11,Jacob Cunningham
416,11,Reginald Hodge
417,36,Mark Mejia
418,160,Alex Haley
419,9,Jerry Morris
420,90,Henry May
421,35,Jonathan Cooper
422,50,Aaron Rodriguez
423,75,Kristen Clements
424,111,Kristen Leon
425,4,Jeffrey Carrillo
426,126,Rebecca Swanson
427,16,Angela Rodriguez
428,11,Tiffany Jackson
429,201,Douglas Brown
430,45,Benjamin Perez
431,67,Juan Conrad
432,104,Robert Rogers
433,63,Joshua Cook
434,7,Ashley Lynch
435,19,Jeffrey Pierce
436,70,Mary Horne
437,10,Robert Singleton
438,101,Angela Weber
439,60,Bethany Perry
440,69,Nicholas Hill
441,53,Vanessa Torres
442,19,Theresa Whitehead
443,12,Ronald Torres
444,99,Dalton Ruiz
445,1,April Riggs
446,88,Stephanie Gonzalez
447,55,Carl May
448,12,Tyler Petty
449,42,Diana Williams
450,144,Michael Rios
451,45,Joe Gregory
452,97,Teresa Baldwin
453,173,Gary May
454,64,Lynn Moore
455,65,Daniel Williams
456,22,Amy Smith
457,27,William Lee
458,169,Jose Petersen
459,88,Rachel Daniel
460,94,Shelby White
461,20,Wendy Elliott
462,66,Ralph Lewis
463,35,Stephanie Johnson
464,12,Jeffrey Crane
465,291,Allison Kelly
466,96,Alicia Shaw
467,5,Kevin Phillips
468,36,Jorge Giles
469,88,Alyssa Wolfe
470,22,Melissa Smith
471,88,Micheal Bailey
472,4,Sandra Brown
473,90,John King
474,209,Jacqueline Anderson
475,102,Christine Robinson
476,146,Alex Lynch
477,63,Lauren Morris
478,19,Catherine Fernandez
479,131,Jessica Walker
480,80,Bruce Brady
481,6,Johnny Wood
482,18,Natalie Anderson
483,8,Jody Hawkins
484,125,Aaron Rice
485,107,Jennifer Hernandez
486,68,Richard Williams
487,69,Stephen Long
488,97,Kristine Wilson
489,222,Christopher Ramsey
490,140,Kelly Owens
491,70,Martha Bailey
492,160,Mr. Chad Terry
493,10,Jared Richardson
494,3,Timothy Bell
495,87,Cynthia Hogan
496,89,Tonya Vasquez
497,109,Elizabeth Soto
498,153,Kathleen Bowen
499,45,Colleen Sims MD
500,194,Caroline Moore
501,91,Laura Nelson
502,59,Kristin Anderson
503,243,Briana Miles
504,59,Margaret Estrada
505,38,David Wiggins
506,29,Aimee Hill
507,191,Jeremy Perry
508,172,Elizabeth Jones
509,21,Rachel Potts
510,9,Sean Daniel
511,33,Michelle Hopkins
512,82,Emily Smith
513,9,Kathleen Baker
514,20,Chad Rose MD
515,169,John Salinas
516,72,Steven Howard
517,94,Katie Walsh
518,80,Curtis Alvarado
519,20,Clayton George
520,28,Katherine Lewis
521,63,Aaron Lambert
522,28,Louis Bell
523,28,Jacqueline Leblanc
524,25,Charles Burgess
525,20,Mr. David Walker
526,84,Theodore Cunningham
527,14,Joseph Patel
528,91,Courtney Reid
529,43,Heather Washington
530,31,Mark Hart
531,135,Tanya Lowe
532,80,Dr. Heather Kirby
533,82,Mr. John Torres
534,142,Stephanie Henderson
535,56,Kathryn Waller
536,112,Seth Miranda
537,79,Jeffrey Webb
538,51,James Russell
539,87,Matthew Pearson
540,106,Wendy Henderson
541,216,Andrew Smith
542,49,Frederick Graham
543,27,Kimberly Edwards
544,334,Christopher Allen
545,66,Whitney Adams
546,107,Karen Ward
547,283,Christopher Bryant
548,68,Matthew Welch
549,0,Austin Griffin
550,10,Kelly Mccarthy
551,150,Linda Leon
552,232,Steven Morgan
553,33,Ricky Figueroa
554,117,Justin Atkins
555,29,Tyler Sellers
556,67,Sydney Arroyo
557,67,Marilyn Moon
558,163,Shelley Moody
559,66,Tammy Harris
560,2,Jason Brown Jr.
561,114,Derek Henry MD
562,9,Amanda Martinez
563,10,Alicia Horton
564,50,Martin Hicks
565,51,Victoria Johnson
566,59,Kevin Gray
567,60,Ronald Turner
568,111,Angela Lee
569,234,Leah Chandler
570,154,Jill Smith
571,12,Andrew Lopez DDS
572,6,Michael Franklin
573,29,Christine Wilcox
574,105,Warren Ford
575,74,Troy Alvarado
576,255,Jennifer Williams
577,247,Alex Malone
578,68,Jeffrey Johnson
579,95,Laura Jones
580,97,Brandon Evans
581,27,Gary Anderson
582,108,Jason Morrison
583,5,Lisa Franklin
584,71,Linda Medina
585,3,Megan Reyes
586,21,Molly Bailey
587,55,Matthew Ford
588,37,Erica Gilmore MD
589,46,Stacy Cooper
590,206,Luke Butler
591,63,David Barnett
592,44,Pamela Johnson
593,111,James Page
594,124,John Powers
595,19,Jamie Meza
596,110,Crystal Strickland
597,63,Robert Johnson
598,103,Charles Reynolds
599,3,Valerie Bates
600,141,Vanessa Oconnor
601,13,Joshua Quinn
602,81,Jordan Mcneil
603,64,Angela Gonzalez
604,83,Nancy Lee
605,119,Eric Dorsey
606,54,Isabella Jones
607,44,Michael Allen
608,132,Gary White
609,82,Kendra Bishop
610,52,Christopher Walton
611,172,Chad Farrell
612,9,Sharon Peterson
613,18,Brittany Richardson
614,114,Leslie Rice
615,50,Ryan Wade
616,50,Ryan Chan
617,139,Kevin Diaz
618,7,Roger Wallace
619,75,Danielle Stokes
620,35,Sylvia Spencer
621,173,Todd Matthews
622,15,Dr. Danielle Lucas
623,56,Nicholas Warner
624,61,Elijah Black
625,68,Lisa Crane
626,26,Denise Scott
627,172,Megan Bruce
628,44,Gerald Allen
629,49,Tara Clark
630,32,Kyle Miller
631,36,Mike Porter
632,85,Pamela Johnson
633,39,Ashley Lutz
634,30,Lydia Braun
635,63,Scott Mcmillan
636,53,Wyatt Mata
637,80,Cheryl Stevens
638,112,Daniel Johnston
639,79,Dr. Patrick Carter PhD
640,69,Nicole Jimenez
641,15,Dr. Christine Taylor
642,10,William Browning
643,83,Shelby Carey
644,86,Lucas Hill
645,97,Kerry Christensen
646,31,Meredith Rodgers
647,81,William Oconnor
648,14,Julie Rose
649,56,Pamela Myers
650,85,Rachel Fuller
651,60,Gregory Brown
652,170,Matthew Estrada
653,55,Vernon Brown
654,16,Teresa Mccormick
655,10,Teresa Navarro
656,131,Amy Newton
657,149,Paula Washington
658,27,Kenneth Brooks
659,4,Casey Wilson
660,172,Adrian Miller
661,38,Justin Wright
662,98,Marcus Velazquez
663,16,Erika Franco
664,161,Samantha Landry
665,32,Danny Benjamin
666,92,Eric Norman
667,104,Michelle Horton
668,89,Danny Howard
669,67,Melissa Sanders
670,66,Miguel Leblanc
671,54,Kathleen Watkins
672,168,David Roberson
673,107,Thomas Casey
674,49,Brooke Valentine
675,110,Ellen Harvey
676,201,Stacy Richardson
677,61,Andrew Byrd
678,93,James Hunt
679,17,Candace Roberson
680,14,Heather Wong
681,0,Bryan Hernandez
682,193,Mark Flores
683,100,Brandi Jones
684,51,Michael Rivera
685,15,Lindsey Ray
686,26,Angela Collins MD
687,174,Dennis Lopez
688,67,Angela Moore
689,33,Brian Perez
690,102,Sharon Brown
691,189,Ashley Torres
692,63,Diana Dougherty
693,152,Corey Wright
694,115,Wendy Herring
695,66,Francis Johnson
696,0,Marc Howard
697,24,Cheryl Dixon
698,90,Samantha Garza
699,136,Marie Moody
700,26,Christian Hicks
701,17,Melinda Chapman
702,124,Lance Hogan DDS
703,227,Jason Hardin
704,96,Sean Frank
705,99,Tiffany Walsh
706,41,Richard Martinez
707,204,Brian Coleman
708,83,Christian Park
709,21,Emily Kelly
710,61,Christy Alvarez
711,223,Jesus Hall
712,0,Jeremiah Khan
713,27,Robert Wu
714,92,Steven Harris
715,67,Aaron Williams
716,22,Isaiah Wallace
717,17,Monica Bautista
718,17,David Rogers
719,110,Wendy Thompson
720,57,Kendra Mckay
721,119,Jennifer Lee
722,192,Wendy Chaney
723,107,Laura Lewis
724,52,Abigail Gonzales
725,83,Christopher Rowe
726,195,Kristen Moody
727,95,Andrew Smith
728,186,Andrew Bowman
729,173,Emily Carter
730,12,Sharon Miller
731,34,Latoya Simpson
732,86,Kimberly Lutz
733,76,Kathryn Howard
734,69,Lori Schneider
735,4,Cody Williams
736,178,Cynthia Maynard
737,125,Katherine Anthony
738,78,Steven Bradley
739,62,Theodore Woods
740,26,Mary Price
741,18,Megan Smith
742,113,Jill Young
743,61,Terry Lee
744,21,Holly Thomas
745,13,Daniel Stevens
746,16,Patricia Evans
747,98,Rebecca Anderson
748,148,Michael Rowland
749,55,Kevin Wiggins
750,43,Patrick Jones
751,111,Latoya Kramer
752,182,Travis Smith
753,61,Jeffrey Yates
754,33,Amanda James
755,133,Holly Mejia
756,15,Erin Pennington
757,136,Laura Hall
758,89,Kevin Floyd
759,170,Andrew Murphy
760,91,Jordan Mcintosh
761,123,Kayla Perez
762,29,Robin Howard
763,24,Brandon Deleon
764,113,Sarah Smith
765,65,Benjamin Cruz
766,7,Jeremy Gross
767,181,Loretta Gray
768,13,Elijah May
769,7,Michelle Beasley
770,38,Bryan Contreras
771,46,Douglas Bradshaw
772,1,Tristan Carter
773,39,Samuel English
774,79,Paula Powell
775,197,Marcus Nelson
776,54,Donna Gonzalez
777,29,Evan Cox
778,6,Gregory Reed
779,130,James Meyer
780,8,David Chapman
781,1,John Stewart
782,71,Christopher Clark
783,60,Whitney Bautista MD
784,63,Laura Lin
785,70,Justin Wall
786,20,Scott Little
787,65,Alisha Miller
788,30,Johnny Green
789,1,Emily Jackson
790,80,Bruce Dean
791,128,Betty Martinez
792,147,Samuel Mcclure
793,101,Alexis Preston
794,129,Mark Owens
795,155,Patricia Mccormick
796,15,Julie Kemp
797,57,Nicholas Gill
798,185,Dr. Gail Sullivan DVM
799,18,Brian Hunter
800,24,Anne Hernandez
801,21,Sara Price
802,204,Kathleen Adams
803,5,Joanna Ross
804,58,Marcus White
805,59,Adam Lewis
806,114,Jacob Chapman
807,42,Katherine Miller
808,133,Terry Larson
809,89,Elizabeth Hatfield
810,10,Stephen Jones
811,89,Adrienne Stevens
812,104,Samantha Taylor
813,118,Christopher Fry
814,29,Gene Vasquez
815,21,Amy Powell
816,14,Sheila Shah
817,13,Shirley Marshall
818,91,Brian Gardner
819,57,Holly Adams
820,29,Christopher Webb
821,57,Mr. Patrick Garza
822,58,David Vasquez PhD
823,21,Caleb Frank
824,26,Antonio Tucker
825,230,Lindsay Lambert
826,158,Kelly Stewart
827,29,Andrea Hess
828,42,Kim Smith
829,48,Colin Allison
830,124,Jeffrey Kim
831,34,George Hodge
832,132,Zachary Haynes
833,83,Ashley Gonzalez
834,58,Mark Kline
835,84,Sara Gentry
836,93,John Clark
837,75,Justin Stevenson PhD
838,104,John Williams
839,67,Caleb Turner
840,58,Sharon Wong
841,61,Laura Miller
842,7,Joseph Moore
843,81,Olivia Scott
844,64,Joseph Moody
845,38,Julie Poole
846,63,Jeremy Bauer
847,54,Douglas Rodriguez
848,65,Heather Lindsey
849,153,Andrea Morse
850,10,Morgan Perez
851,146,Sherri Ryan
852,19,Christopher Osborne
853,117,Tammy Bullock
854,5,Angela Hodge MD
855,224,Douglas Walker
856,93,Mrs. Rebecca Martin
857,29,Michael Cole
858,18,Erica Gilbert
859,73,Kevin Rojas
860,33,Michael Mullins
861,70,Timothy Williams
862,163,Justin Lutz
863,213,Victor Swanson
864,61,John Russell
865,78,Angela Rodriguez
866,59,Holly Gallegos
867,77,Kaylee Jones
868,84,Dakota Hodges
869,104,Jerry Mullins
870,7,Sarah Alexander
871,179,Ashley Brown
872,12,Eric Ortiz
873,278,Elizabeth Hernandez
874,1,Linda Wilson
875,54,Clinton Jefferson
876,19,Chase Lester
877,147,Steven Gomez
878,217,Julie Reynolds
879,191,Dr. Donald Calhoun Jr.
880,95,David Blake
881,30,Dawn Hernandez
882,165,Christopher Hamilton
883,102,Ana Kim
884,49,Bruce Cantu
885,124,Jasmin Torres
886,9,Kathleen Clark
887,131,David Ritter
888,86,Sheryl Williams
889,65,Chad Macdonald
890,8,Ryan Mcgee
891,103,Mckenzie Jenkins
892,210,Christina Gonzales
893,21,Valerie Reeves MD
894,123,Luis Perez DVM
895,186,Jason Rodriguez MD
896,8,Donald Lambert
897,66,Paula Garcia
898,97,Melissa Sanchez
899,7,Alexandria Turner
900,106,Michael Espinoza
901,58,Sheila Tanner
902,140,Anthony Jackson
903,6,Julie Townsend
904,92,Lisa Scott
905,99,Christine Braun
906,39,Erin Burch
907,160,Kyle Nicholson
908,126,Kristen Kelley
909,87,Amanda Edwards
910,126,Jessica Thompson
911,15,David Allen
912,16,James Bradshaw
913,139,Tonya Ayala
914,34,Lisa Nelson
915,97,Mary Williams
916,17,Jacob Walker
917,163,Angela Miller
918,71,Brian Adams
919,184,Lisa Freeman
920,60,Bethany Gomez
921,64,Matthew Stevenson
922,135,Benjamin Bolton
923,18,Ryan Mason
924,72,Anita Costa
925,47,Robert Crosby
926,5,Samantha Stanton
927,84,Samuel Moore
928,33,Rachel Reynolds
929,64,Matthew Webster
930,41,Kelly Perry
931,10,Mark Pierce
932,53,Kayla Smith
933,51,Allison Olsen
934,47,Heather Rose
935,74,Mr. Timothy Morrow
936,7,Bradley Patterson
937,16,Jason Blair
938,78,Kelly Scott
939,54,Aaron Barr
940,113,Douglas Phillips
941,17,Mark Taylor
942,110,Sandra Anderson
943,38,Debra Neal
944,44,Jeffrey Garner
945,130,Corey Chen
946,87,Nancy Hanson
947,16,Angela Cunningham
948,3,John Rogers
949,36,Abigail Hughes
950,76,Jessica Anderson
951,19,Frank Howard
952,4,Nicole Foley
953,64,Hannah Clark
954,62,Jennifer Hooper
955,69,Meghan Krause
956,122,Kevin Mccall
957,3,Peter Vega
958,61,Dr. Amy King DVM
959,96,Timothy Coleman
960,58,Michelle Smith
961,28,Catherine Cummings
962,32,Michelle Hodges
963,142,Michelle Clark
964,70,Kristopher Bryan
965,53,Colin Tate
966,3,Robert Moody
967,80,Daniel Dunlap
968,56,Heather Coleman
969,109,Nathan Dunlap
970,65,Jeffrey Hayes
971,37,Jacob Berg
972,56,Angela Perry
973,93,Amber Campbell
974,16,James Carroll
975,117,Shannon Tanner
976,21,James Ellis
977,114,Jack Johnson
978,80,Christopher Alvarado
979,166,Eugene Steele
980,21,Molly Arnold
981,56,Wesley Thompson
982,152,Andrew Roberts
983,14,John Evans
984,37,Tyler Brady
985,78,Jared Smith
986,5,Michael Anderson
987,18,Amanda Turner
988,28,Mr. Kevin Flowers
989,2,Rebecca Adkins
990,40,Jeffrey Page
991,114,Joseph Mcguire
992,128,Micheal Watkins
993,111,Miguel Lee Jr.
994,48,Eric Jackson
995,31,David Sampson
996,187,Vanessa Lopez
997,101,Kathleen Curry
998,68,Natasha Harper
999,0,Jason Johnson
1000,63,Jaime Cox
